{
	# should be a copy of "combatSmall", minus variants that are annoying to fight in low numbers
	# for example, no Hyperions or fast beam-based kiting loadouts, or ships with damper field
	"combatSmallForSmallFleet":{
		"fallback":{"combatSmall":1},
	},
	"combatSmall":{
		"fallback":{"combatMedium":0.5},
	},
	"combatMedium":{
		"drg_iris_firesupport":5,
		"drg_iris_pdsupport":5,
		"drg_iris_iv":10,
		"drg_moray_attack":5,
		"drg_moray_strike":5,
		"drg_persephone_attack":5,
		"drg_persephone_strike":5,
		"drg_persephone_iv":10,
		"fallback":{"combatSmall":1},
	},
	"combatLarge":{
		"drg_aphelion_attack":3,
		"drg_aphelion_suppression":3,
		"drg_bombardier_attack":3,
		"drg_bombardier_beamer":3,
		"drg_bombardier_strike":3,
		"drg_gila_beamer":3,
		"drg_gila_brawler":3,	
		"drg_gila_general":3,
		"drg_gila_iv":9,
		"drg_tigershark_flanker":3,
		"drg_tigershark_lancer":3,
		"drg_tigershark_strike":3,
		"drg_tigershark_iv":9,
		"drg_kingfisher_assault":3,
		"drg_kingfisher_beamer":3,
		"drg_kingfisher_iv":6,
		"fallback":{"combatMedium":1},
	},
	"combatCapital":{
		"drg_incursion_assault":4,
		"drg_incursion_beamer":4,
		"drg_incursion_iv":3,
		"drg_invader_xiv_elite":4,
		"drg_invader_attack":4,
		"drg_invader_strike":4,
		"drg_invader_sniper":4,
		"drg_odyssey_iv":8,
		"drg_paragon_iv":8,
		"fallback":{"combatLarge":1},
	},
	# carriers
	"carrierLarge":{
			"drg_spire_attack":2.5,
			"drg_spire_suppression":2.5,
			"drg_spire_iv":5,
	},	
}

