name,id,tier,rarity,base value,range,damage/second,damage/shot,emp,impact,turn rate,OPs,ammo,ammo/sec,reload size,type,energy/shot,energy/second,chargeup,chargedown,burst size,burst delay,min spread,max spread,spread/shot,spread decay/sec,beam speed,proj speed,launch speed,flight time,proj hitpoints,hints,tags,groupTag,tech/manufacturer,for weapon tooltip>>,primaryRoleStr,speedStr,trackingStr,turnRateStr,accuracyStr,customPrimary,customPrimaryHL,customAncillary,customAncillaryHL,noDPSInTooltip,number
Alecto Atropos Launcher,drg_alecto,2,0.5,1200,1200,,1000,,40,20,10,12,,,HIGH_EXPLOSIVE,0,,0,6.67,2,0.33,10,10,0,0,,400,150,3.5,300,GUIDED_POOR,"strike13, missile2, missile_bp",,,,Torpedo,Fast,Good,,,,,,,TRUE,1336
Nyx Atropos Salvo,drg_nyx,2,0.5,5000,1200,,1000,,40,20,25,32,,,HIGH_EXPLOSIVE,0,,,6.25,4,0.25,10,10,0,0,,400,150,3.5,300,GUIDED_POOR,"strike18, missile2, rare_bp",,,,Torpedo,Fast,Good,,,,,,,TRUE,1335
Ahab Harpoon Barrage,drg_ahab,1,,1200,2500,,750,,15,10,27,54,,,HIGH_EXPLOSIVE,0,,0,15,9,0.33,0,0,0,,,300,100,12.5,150,DO_NOT_AIM,"missile18, strike9, rare_bp",,,,Finisher,Medium,Medium,,,,,,,TRUE,1334
Tawa Standoff Torpedo Rack,drg_tawa_rack,2,0.5,800,1400,,1000,,15,40,5,2,,,ENERGY,0,,0,1,1,,0,0,0,,,350,125,4,225,"GUIDED_POOR, CONSERVE_4","missile3, strike9, missile_bp",,,,Torpedo,Fast,Good,,,Fires an inaccurate burst of three projectiles upon nearing its target.,,,,TRUE,1333
Tawa Standoff Torpedo Launcher,drg_tawa_pod,2,0.5,1300,1400,,1000,,15,20,12,8,,,ENERGY,0,,0,11.5,2,0.5,0,0,0,,,350,125,4,225,"GUIDED_POOR, CONSERVE_4","missile2, strike13, missile_bp",,,,Torpedo,Fast,Good,,,Fires an inaccurate burst of three projectiles upon nearing its target.,,,,TRUE,1332
Tawa Standoff Torpedo Battery,drg_tawa_battery,2,0.5,6000,1400,,1000,,15,20,30,30,,,ENERGY,0,,0,10.68,3,0.66,10,10,0,,,350,125,4,225,"GUIDED_POOR, CONSERVE_4","missile3, strike19, rare_bp",,,,Torpedo,Fast,Good,,,Fires an inaccurate burst of three projectiles upon nearing its target.,,,,TRUE,1331
Tawa Standoff Torpedo (Single),drg_tawa_single,,,800,1100,,1000,,15,40,0,1,,,ENERGY,0,,0,1,1,,0,0,0,,,350,125,4,225,"GUIDED_POOR, SYSTEM","missile3, strike9",,,,Torpedo,Fast,Good,,,Fires an inaccurate burst of three projectiles upon nearing its target.,,,,TRUE,1330
Plasma Catapult (250 Energy),drg_plasma_ftr,,,,500,,250,,,40,0,,,,ENERGY,300,,,1.5,,,,,,,,800,,,,"STRIKE, USE_VS_FRIGATES, SYSTEM",energy20,,,,General,,,,,,,,,,1329
